"Sample_ID,Temperature,Pressure,Vibration,Speed,Voltage,Response"
"1,82.47,128.03,0.91,1598.66,213.12,0"
"2,63.49,124.65,0.76,1708.07,210.41,1"
"3,109.95,98.49,0.3,1183.4,216.08,1"
"4,85.92,101.65,0.77,1139.49,215.84,1"
"5,87.36,121.41,0.32,1514.23,221.85,1"
"6,96.45,96.82,0.17,1948.89,229.31,1"
"7,78.28,93.91,0.85,1440.15,212.44,0"
"8,62.06,126.37,0.38,1662.52,216.23,1"
"9,92.8,97.39,1.17,1775.13,228.79,1"
"10,95.87,126.87,0.2,1195.98,210.9,1"
"11,83.32,100.85,1.01,1356.75,215.62,1"
"12,68.46,122.09,0.18,1986.89,225.44,1"
"13,60.33,122.62,0.88,1729.01,225.43,0"
"14,81.51,94.63,1.05,1623.3,216.62,0"
"15,78.66,103.01,0.9,1637.56,227.74,0"
"16,67.18,118.53,0.94,1561.28,225.42,0"
"17,91.36,107.1,0.13,1107.89,210.63,1"
"18,78.86,110.34,1.1,1249.29,218.21,1"
"19,73.73,93.08,0.42,1161.22,228.59,1"
"20,98.0,124.86,0.98,1186.57,227.85,0"
"21,108.45,125.84,0.45,1110.05,214.56,1"
"22,109.08,124.43,0.11,1510.75,218.35,1"
"23,67.19,103.5,1.14,1323.2,220.38,1"
"24,81.82,128.87,1.16,1251.78,219.94,0"
"25,77.09,91.48,0.77,1502.68,211.03,1"
"26,114.5,99.58,0.26,1489.45,229.71,1"
"27,100.33,120.46,0.36,1728.22,217.36,1"
"28,98.01,111.43,0.2,1835.3,216.42,1"
"29,62.45,113.64,0.85,1016.59,220.24,0"
"30,98.71,96.97,0.86,1386.74,228.73,0"
"31,80.46,94.54,1.12,1877.34,215.16,1"
"32,109.03,112.21,0.68,1241.85,211.86,1"
"33,114.03,115.32,0.47,1349.21,224.52,1"
"34,113.23,121.2,0.81,1084.14,213.23,1"
"35,96.39,90.37,0.21,1663.5,210.1,1"
"36,92.92,117.68,0.82,1224.27,224.24,0"
"37,79.52,119.86,0.81,1849.22,223.15,1"
"38,65.62,104.71,0.39,1243.99,229.46,1"
"39,113.52,115.25,0.97,1502.64,221.54,0"
"40,71.71,118.9,0.41,1024.32,222.91,0"
"41,116.43,128.16,1.11,1370.16,210.31,1"
"42,85.69,128.67,1.16,1853.01,215.89,0"
"43,111.07,102.68,0.29,1556.8,228.72,1"
"44,94.2,93.89,0.78,1990.05,212.8,1"
"45,112.64,119.63,0.87,1702.48,217.19,0"
"46,108.56,122.4,1.05,1913.24,220.23,1"
"47,107.9,116.0,0.87,1795.79,227.8,0"
"48,82.53,93.76,0.74,1035.94,219.31,1"
"49,77.19,113.63,0.13,1037.35,226.45,1"
"50,67.62,110.89,0.95,1215.82,222.46,0"
"51,63.1,111.25,0.69,1637.43,224.52,1"
"52,90.98,102.92,0.97,1270.83,218.78,0"
"53,61.52,128.51,1.02,1695.97,218.18,0"
"54,69.39,100.01,0.7,1714.6,223.2,1"
"55,117.29,119.52,0.71,1611.72,218.39,0"
"56,81.36,120.31,0.12,1116.07,210.92,0"
"57,111.33,118.15,0.62,1097.83,219.83,1"
"58,70.39,107.35,0.54,1615.85,222.7,1"
"59,82.48,115.03,0.65,1856.49,223.17,1"
"60,64.23,115.7,0.13,1585.78,228.8,1"
"61,83.29,115.73,0.6,1545.62,228.83,1"
"62,117.67,126.21,0.32,1069.36,212.02,0"
"63,65.67,117.32,0.18,1318.98,226.9,1"
"64,108.87,101.27,0.23,1696.74,222.58,1"
"65,104.1,122.14,0.41,1177.44,225.01,1"
"66,119.43,106.5,0.51,1776.41,216.82,1"
"67,111.5,107.16,0.93,1754.54,212.06,1"
"68,90.32,123.06,0.45,1895.52,217.78,1"
"69,114.32,93.65,0.45,1950.06,229.01,1"
"70,97.91,107.94,0.42,1328.66,223.45,1"
"71,107.49,121.58,0.2,1494.42,211.15,1"
"72,86.49,125.51,0.49,1117.07,212.86,1"
"73,97.09,94.04,0.19,1700.97,211.46,1"
"74,102.37,93.25,0.19,1986.64,217.49,1"
"75,108.77,127.89,1.18,1753.38,217.53,0"
"76,106.63,112.34,0.57,1906.35,212.22,1"
"77,60.68,108.75,0.16,1118.82,212.35,1"
"78,104.76,113.33,1.16,1374.87,215.71,1"
"79,73.42,128.53,0.11,1969.88,210.86,1"
"80,91.66,129.72,0.18,1553.85,229.39,1"
"81,97.76,117.83,0.6,1627.56,221.69,1"
"82,62.73,101.24,1.15,1890.26,219.11,0"
"83,76.64,97.52,0.61,1353.35,221.67,1"
"84,118.46,129.45,0.87,1536.1,216.19,1"
"85,101.08,96.5,1.1,1822.54,229.0,1"
"86,96.8,106.73,1.13,1866.06,210.9,0"
"87,82.59,122.42,1.19,1150.42,221.88,0"
"88,118.19,123.68,1.02,1468.69,218.3,0"
"89,63.38,124.59,0.99,1999.72,229.93,0"
"90,106.14,127.79,1.03,1247.35,219.01,0"
"91,117.24,114.25,0.35,1671.7,222.36,1"
"92,66.81,116.86,0.67,1772.32,220.4,1"
"93,93.11,112.44,1.06,1403.48,212.68,0"
"94,105.31,114.81,0.87,1212.96,212.73,0"
"95,81.04,113.6,0.53,1437.47,228.08,1"
"96,90.84,121.35,0.54,1622.09,227.25,1"
"97,68.82,127.06,0.64,1258.24,219.18,1"
"98,89.56,103.15,0.8,1240.15,211.52,1"
"99,67.68,96.08,0.25,1640.87,213.64,1"
"100,113.81,108.96,0.83,1172.32,213.85,0"
"101,70.14,101.14,0.29,1088.7,212.41,1"
"102,72.38,104.57,0.65,1690.39,210.79,1"
"103,97.67,93.27,1.06,1920.87,211.22,0"
"104,108.37,119.93,0.3,1209.35,217.41,1"
"105,97.1,104.76,0.61,1747.47,210.73,1"
"106,102.8,125.81,0.66,1532.11,212.14,1"
"107,91.96,99.7,0.4,1377.28,210.4,1"
"108,72.69,103.1,0.23,1890.53,221.87,1"
"109,107.35,109.94,0.2,1537.11,221.74,1"
"110,85.9,95.1,0.41,1363.08,222.92,1"
"111,81.37,129.46,0.77,1237.23,212.04,1"
"112,74.76,96.43,0.31,1285.1,213.47,1"
"113,64.81,110.98,0.55,1982.38,212.24,1"
"114,118.17,124.62,1.0,1257.9,213.42,0"
"115,115.76,112.27,0.73,1279.98,225.39,0"
"116,79.42,107.02,0.66,1242.41,212.3,1"
"117,77.32,113.25,0.27,1481.14,220.65,1"
"118,80.2,95.38,0.17,1989.96,216.45,1"
"119,75.28,117.26,0.94,1595.64,219.43,0"
"120,80.93,127.18,1.01,1965.03,212.49,1"
"121,116.3,97.25,0.17,1741.12,221.49,1"
"122,68.39,121.81,0.32,1163.66,213.29,1"
"123,99.91,110.92,0.49,1877.2,217.85,1"
"124,86.35,105.08,0.61,1301.38,224.95,1"
"125,73.93,125.98,0.52,1543.55,228.13,1"
"126,67.01,127.59,0.79,1334.91,212.79,1"
"127,97.2,111.34,1.08,1788.6,213.03,0"
"128,74.91,119.76,0.14,1569.89,225.25,1"
"129,80.52,122.85,0.22,1846.45,212.55,1"
"130,107.84,96.0,0.35,1722.25,224.4,1"
"131,101.64,111.71,0.38,1345.7,213.63,1"
"132,95.0,106.03,0.61,1947.28,213.07,1"
"133,90.35,114.46,0.12,1872.12,228.64,1"
"134,101.8,126.9,0.88,1152.54,221.53,0"
"135,85.45,119.46,1.13,1925.57,219.02,0"
"136,119.09,123.56,0.24,1920.84,227.4,1"
"137,95.48,105.96,0.16,1335.2,226.06,1"
"138,80.01,105.93,0.69,1919.86,216.93,1"
"139,104.25,108.09,0.35,1452.44,212.82,1"
"140,89.9,106.76,1.11,1362.39,221.61,1"
"141,60.79,116.54,0.3,1961.07,212.97,1"
"142,65.12,129.87,0.65,1595.39,211.34,1"
"143,72.59,125.92,0.33,1190.69,210.73,1"
"144,93.89,92.63,0.95,1453.29,220.49,0"
"145,84.05,112.39,0.27,1181.93,227.24,1"
"146,82.4,100.83,0.81,1408.73,210.51,0"
"147,102.96,116.36,0.13,1221.97,214.62,1"
"148,61.18,94.16,0.98,1178.54,223.05,0"
"149,65.97,99.73,0.89,1855.7,226.6,0"
"150,100.09,98.2,0.42,1896.34,210.26,1"
"151,72.47,91.06,0.3,1583.04,218.43,1"
"152,109.05,103.67,0.39,1379.69,221.81,1"
"153,97.45,106.38,0.71,1436.13,215.89,1"
"154,105.82,95.6,1.06,1487.43,227.89,1"
"155,85.51,90.9,0.4,1541.63,222.67,1"
"156,68.36,123.4,1.18,1525.69,213.43,0"
"157,61.1,126.57,0.23,1576.52,215.48,1"
"158,99.09,123.19,0.33,1011.0,212.74,1"
"159,112.43,113.9,0.76,1665.04,213.51,1"
"160,85.13,105.33,0.67,1046.97,213.33,1"
"161,64.97,114.13,0.37,1389.3,215.77,1"
"162,103.14,101.88,0.72,1476.05,223.27,1"
"163,103.95,98.6,0.13,1262.26,221.9,1"
"164,89.78,113.87,0.47,1770.91,212.13,1"
"165,103.69,109.82,0.86,1434.83,214.93,1"
"166,107.96,117.79,0.4,1590.23,217.22,1"
"167,115.04,95.47,1.15,1446.01,213.7,0"
"168,112.38,119.29,0.99,1658.78,223.85,1"
"169,74.98,109.58,0.34,1987.67,228.88,1"
"170,102.33,127.01,0.3,1567.95,228.31,1"
"171,101.85,101.89,1.12,1971.06,228.89,0"
"172,111.72,123.78,0.45,1828.92,210.74,1"
"173,73.8,94.82,0.18,1696.29,216.8,1"
"174,63.92,102.61,0.69,1790.72,216.38,1"
"175,113.16,114.63,0.36,1024.4,227.4,0"
"176,112.48,111.16,1.13,1798.78,229.96,0"
"177,106.03,106.08,0.63,1627.51,227.47,1"
"178,106.1,106.71,0.56,1737.58,214.78,1"
"179,81.28,101.49,0.43,1233.61,210.84,1"
"180,119.26,107.11,0.52,1679.65,214.37,1"
"181,107.18,93.58,0.56,1879.12,228.89,1"
"182,96.8,96.68,1.19,1231.67,228.85,1"
"183,96.46,110.51,0.35,1176.53,214.41,0"
"184,106.78,104.01,0.16,1969.1,227.68,1"
"185,119.69,96.96,0.54,1758.24,223.92,0"
"186,108.95,98.98,0.35,1536.97,221.86,1"
"187,65.49,125.1,0.39,1129.51,227.77,1"
"188,111.73,122.38,0.82,1550.86,211.74,0"
"189,82.36,100.39,0.9,1495.88,211.62,0"
"190,101.0,93.05,1.04,1495.15,219.61,1"
"191,109.48,103.91,0.85,1565.73,215.34,1"
"192,107.85,116.34,1.04,1867.29,224.17,1"
"193,101.85,117.21,0.78,1752.72,213.17,1"
"194,112.31,91.17,1.01,1128.87,216.7,1"
"195,69.65,122.72,1.02,1507.47,210.13,0"
"196,97.02,129.25,0.79,1259.8,222.68,1"
"197,106.79,94.28,0.94,1541.27,229.26,0"
"198,97.96,127.28,0.21,1937.23,223.76,1"
"199,78.06,118.33,0.17,1582.17,216.92,1"
"200,62.74,124.86,1.17,1968.88,224.99,0"
"201,105.5,90.98,0.12,1323.61,219.77,1"
"202,101.0,107.84,0.4,1997.12,218.52,1"
"203,69.82,121.79,0.86,1220.77,211.65,1"
"204,99.27,100.93,1.15,1151.06,218.65,1"
"205,85.18,115.54,0.54,1274.22,229.68,1"
"206,113.65,99.2,0.33,1031.13,223.03,1"
"207,111.86,108.93,1.17,1185.53,227.37,1"
"208,106.26,123.79,0.94,1626.22,212.62,0"
"209,115.25,114.67,0.98,1481.52,212.35,0"
"210,101.13,107.21,0.32,1491.59,211.28,1"
"211,76.14,121.9,0.44,1455.22,210.23,1"
"212,83.55,109.2,0.76,1291.66,223.9,1"
"213,106.79,91.58,0.63,1104.93,214.84,1"
"214,68.55,109.96,0.78,1702.46,221.19,1"
"215,79.59,110.71,0.2,1350.63,210.66,1"
"216,83.82,95.31,0.72,1689.46,226.01,1"
"217,70.05,94.18,0.8,1706.48,210.63,1"
"218,63.12,111.65,0.88,1870.97,224.28,1"
"219,80.37,122.59,0.19,1894.82,220.95,1"
"220,87.14,115.74,0.68,1731.59,211.63,1"
"221,74.83,96.38,1.06,1219.21,229.52,0"
"222,70.93,121.59,0.82,1498.2,221.11,1"
"223,73.71,129.85,1.17,1650.33,213.99,1"
"224,64.33,91.23,0.38,1462.62,227.37,1"
"225,104.56,107.02,0.48,1371.04,229.75,1"
"226,112.02,113.15,0.58,1725.26,219.73,1"
"227,114.04,106.87,0.4,1592.35,228.25,1"
"228,97.38,115.26,0.91,1131.57,224.32,1"
"229,70.78,99.5,1.17,1180.98,227.09,0"
"230,74.83,124.83,0.59,1514.82,217.18,1"
"231,69.81,105.64,1.17,1258.13,223.13,0"
"232,106.41,95.23,1.17,1453.79,214.72,0"
"233,70.19,110.79,0.47,1828.88,218.62,1"
"234,97.03,118.27,0.28,1167.62,210.73,1"
"235,99.83,108.99,1.03,1805.67,221.71,1"
"236,72.35,94.48,0.4,1057.09,220.62,1"
"237,62.36,94.88,0.6,1933.88,216.32,1"
"238,62.49,95.93,1.19,1965.12,210.1,1"
"239,98.35,124.72,0.6,1515.6,219.78,1"
"240,68.38,91.2,0.44,1704.68,214.04,1"
"241,118.19,93.76,0.84,1443.75,227.36,0"
"242,101.56,123.52,1.14,1683.25,219.94,1"
"243,112.13,112.82,0.13,1930.95,223.79,1"
"244,72.94,116.36,0.53,1651.23,212.13,1"
"245,119.96,91.93,1.17,1406.91,227.42,0"
"246,94.02,119.54,1.07,1404.14,216.54,1"
"247,108.47,120.49,0.98,1435.58,226.36,0"
"248,92.67,90.23,0.46,1366.46,217.92,1"
"249,83.31,107.95,0.36,1373.25,214.55,1"
"250,96.21,116.73,0.78,1463.49,217.6,1"
"251,91.14,109.17,0.13,1341.25,217.6,1"
"252,94.81,111.34,0.77,1764.88,226.26,1"
"253,117.33,90.73,0.32,1007.56,222.95,1"
"254,74.61,127.08,0.17,1934.44,217.03,1"
"255,89.15,100.27,0.41,1307.29,226.06,1"
"256,78.68,114.41,0.89,1272.62,218.27,0"
"257,70.87,117.24,0.3,1525.16,224.18,1"
"258,94.04,100.26,1.16,1483.55,226.12,1"
"259,62.6,115.33,1.15,1601.61,226.38,1"
"260,73.68,98.48,0.77,1411.03,226.8,1"
"261,81.21,99.47,0.96,1274.81,226.45,0"
"262,100.05,93.82,0.79,1451.77,221.73,1"
"263,104.21,124.51,0.34,1095.71,210.47,1"
"264,96.43,111.87,0.36,1390.91,221.89,1"
"265,119.27,95.46,0.86,1404.32,218.56,0"
"266,101.55,129.65,0.24,1104.11,224.49,1"
"267,76.45,93.18,0.19,1894.19,213.84,1"
"268,73.6,104.2,0.18,1519.06,211.35,1"
"269,74.02,111.6,1.07,1650.88,220.66,0"
"270,79.98,116.78,1.19,1661.84,221.16,1"
"271,87.91,92.41,0.72,1957.63,213.51,1"
"272,72.06,111.43,0.21,1450.37,225.12,1"
"273,99.89,121.82,1.12,1234.64,217.99,0"
"274,119.55,127.08,0.69,1842.03,220.42,1"
"275,65.35,120.21,0.24,1826.07,225.64,1"
"276,62.17,102.13,0.39,1360.14,211.75,1"
"277,93.23,102.22,0.54,1447.2,222.01,1"
"278,115.16,109.88,1.19,1851.42,214.17,1"
"279,66.98,122.7,0.52,1877.97,227.36,1"
"280,107.4,102.19,0.19,1402.98,213.47,1"
"281,80.77,129.02,0.81,1822.48,212.65,1"
"282,115.37,109.48,0.77,1764.81,213.5,1"
"283,83.92,95.85,0.5,1068.17,210.52,0"
"284,117.79,111.98,1.16,1432.5,216.24,0"
"285,86.37,94.23,0.8,1216.04,222.39,1"
"286,69.12,92.45,0.96,1459.8,211.16,1"
"287,63.47,117.8,1.18,1239.18,212.84,0"
"288,78.2,94.04,0.86,1062.29,220.19,1"
"289,108.84,114.61,0.44,1623.9,220.54,1"
"290,67.84,125.46,0.59,1194.62,217.36,1"
"291,109.65,119.34,0.95,1011.03,218.32,0"
"292,61.15,100.39,0.94,1137.11,220.71,0"
"293,60.73,99.65,1.17,1801.54,229.19,0"
"294,66.58,111.92,0.6,1844.36,211.96,1"
"295,69.0,102.99,0.91,1476.02,217.52,0"
"296,87.57,121.4,1.08,1955.33,225.74,0"
"297,101.29,107.5,0.38,1840.87,210.77,1"
"298,87.69,115.49,0.83,1895.12,222.73,1"
"299,64.0,110.74,0.27,1737.43,220.24,1"
"300,62.5,93.39,0.89,1072.08,211.43,0"
"301,117.39,119.5,0.49,1296.54,216.99,1"
"302,99.68,97.41,0.29,1098.4,223.21,1"
"303,75.9,90.84,0.19,1967.86,215.91,1"
"304,97.48,105.28,0.33,1121.39,222.3,1"
"305,98.63,111.21,0.15,1968.49,225.97,1"
"306,118.8,114.08,0.74,1748.07,226.24,1"
"307,67.69,103.53,1.12,1224.62,217.44,0"
"308,86.36,114.52,1.14,1240.69,212.43,0"
"309,113.22,115.83,0.41,1815.95,227.23,1"
"310,115.14,100.09,0.93,1460.54,226.84,0"
"311,106.59,116.25,0.3,1545.03,229.69,1"
"312,62.59,96.59,0.24,1725.98,226.36,0"
"313,90.35,123.63,0.91,1542.24,221.81,1"
"314,77.85,112.6,0.86,1873.32,222.73,1"
"315,69.6,108.46,0.11,1246.68,224.53,1"
"316,65.95,106.06,0.98,1204.04,221.1,1"
"317,96.96,97.52,0.49,1783.79,221.08,1"
"318,105.66,91.41,0.92,1202.48,229.16,0"
"319,79.62,95.96,0.44,1876.65,229.93,1"
"320,86.92,118.88,1.07,1593.04,217.83,0"
"321,101.74,90.13,0.78,1355.49,225.88,1"
"322,95.29,109.24,0.81,1064.85,221.6,0"
"323,93.64,114.14,0.84,1804.99,215.4,1"
"324,89.9,93.08,0.16,1334.24,225.7,1"
"325,107.32,110.69,0.58,1147.45,216.56,1"
"326,65.32,98.82,0.76,1735.66,229.97,1"
"327,98.55,106.85,0.8,1785.65,212.37,1"
"328,110.39,105.35,0.73,1587.77,213.69,1"
"329,80.07,91.05,0.13,1831.7,215.46,1"
"330,77.92,127.63,0.39,1429.66,227.45,1"
"331,71.17,122.11,0.6,1482.97,212.67,1"
"332,103.68,109.86,0.58,1729.51,225.31,1"
"333,96.61,95.41,0.93,1656.96,229.13,0"
"334,63.42,101.29,0.39,1246.98,228.13,0"
"335,76.32,120.38,0.59,1776.71,211.31,1"
"336,62.02,92.51,1.1,1139.25,220.65,0"
"337,80.84,125.99,0.12,1663.79,229.27,1"
"338,116.21,92.09,0.56,1260.16,224.62,1"
"339,75.39,116.17,0.32,1565.33,219.28,1"
"340,96.51,103.98,0.23,1151.25,214.51,1"
"341,111.04,112.45,0.68,1114.77,227.2,1"
"342,64.06,118.31,0.7,1081.73,219.17,0"
"343,69.95,127.83,1.03,1669.02,219.25,0"
"344,99.06,111.82,0.17,1512.5,226.13,1"
"345,63.12,121.45,0.32,1258.62,213.29,1"
"346,105.41,110.78,0.33,1877.83,227.59,1"
"347,74.33,108.05,1.18,1772.01,210.54,0"
"348,87.84,126.37,0.69,1497.81,212.11,1"
"349,109.33,105.22,0.95,1964.48,214.08,1"
"350,77.23,121.71,0.74,1634.58,225.96,1"
"351,114.91,111.32,0.27,1695.9,225.87,1"
"352,111.43,126.25,0.4,1983.52,212.81,1"
"353,71.05,125.76,0.82,1152.1,218.81,0"
"354,65.01,125.3,0.98,1505.21,229.34,0"
"355,119.05,116.72,0.8,1165.95,227.64,0"
"356,69.73,90.5,0.72,1527.4,224.39,1"
"357,64.76,119.26,0.31,1858.18,226.38,1"
"358,102.61,102.57,0.62,1821.64,219.19,1"
"359,89.65,123.13,0.47,1173.76,224.24,1"
"360,66.04,99.59,0.26,1347.94,219.01,1"
"361,99.07,114.84,0.49,1841.45,219.43,1"
"362,98.05,95.05,0.84,1325.1,223.73,0"
"363,70.49,124.23,0.35,1837.04,215.59,1"
"364,101.65,110.51,0.44,1212.64,210.66,1"
"365,99.19,127.53,1.06,1766.06,225.77,1"
"366,75.62,126.29,0.84,1560.44,212.22,0"
"367,87.62,124.58,0.7,1380.4,229.54,1"
"368,85.35,91.68,0.91,1918.08,215.6,1"
"369,77.53,126.43,0.93,1804.91,210.36,1"
"370,103.6,102.19,1.01,1281.52,227.46,0"
"371,102.22,111.63,0.21,1241.89,210.25,1"
"372,78.08,113.93,0.43,1299.92,224.86,1"
"373,114.17,124.09,0.83,1593.22,227.85,0"
"374,64.74,99.58,0.97,1034.67,221.66,0"
"375,111.34,110.86,0.17,1831.37,221.98,1"
"376,65.63,126.39,0.84,1829.29,227.58,1"
"377,91.05,107.22,0.45,1434.6,225.48,1"
"378,113.55,107.74,0.77,1631.31,221.83,1"
"379,74.25,110.49,0.21,1384.51,219.75,1"
"380,117.03,114.03,0.92,1506.27,222.68,0"
"381,75.26,104.47,0.62,1045.65,212.8,1"
"382,118.29,103.25,0.63,1196.1,222.22,0"
"383,72.42,110.66,0.11,1007.66,214.38,0"
"384,66.48,103.55,0.98,1572.05,220.25,0"
"385,115.91,105.88,0.2,1617.07,212.28,1"
"386,90.44,124.97,0.64,1702.26,229.86,1"
"387,76.48,105.78,0.56,1411.02,228.15,1"
"388,96.47,102.37,1.01,1955.06,226.42,0"
"389,98.18,92.05,0.38,1059.52,222.08,1"
"390,66.87,105.35,0.6,1369.05,212.42,1"
"391,105.07,92.84,0.19,1354.77,228.83,1"
"392,100.72,104.48,0.75,1010.13,222.72,1"
"393,96.75,124.95,0.9,1120.56,228.05,0"
"394,92.04,95.69,0.11,1422.03,215.9,1"
"395,94.63,91.75,0.24,1558.64,216.86,1"
"396,99.14,123.82,0.86,1429.93,223.46,0"
"397,78.38,121.56,0.59,1798.38,226.45,1"
"398,115.0,107.24,0.45,1582.2,217.42,1"
"399,102.34,117.54,0.51,1166.86,218.61,0"
"400,113.41,103.84,0.27,1025.45,222.92,1"
"401,80.44,92.87,0.55,1311.22,223.54,1"
"402,81.88,98.72,1.19,1454.0,223.77,0"
"403,89.14,91.1,0.66,1964.02,217.68,1"
"404,61.86,105.52,0.28,1023.35,225.12,0"
"405,77.35,126.0,0.23,1955.92,216.28,1"
"406,96.18,123.07,1.18,1288.41,229.22,0"
"407,83.13,103.62,0.7,1154.15,221.07,1"
"408,105.71,123.35,0.58,1302.33,215.19,1"
"409,63.46,103.7,0.4,1966.42,221.15,1"
"410,94.83,95.57,0.59,1626.23,219.78,1"
"411,119.63,125.21,0.79,1569.38,222.41,0"
"412,83.71,91.58,0.62,1543.02,214.55,1"
"413,114.57,118.89,0.69,1869.97,212.61,1"
"414,67.49,121.77,0.4,1877.09,228.88,1"
"415,87.76,129.24,0.63,1863.55,221.77,1"
"416,77.15,98.13,0.94,1386.54,220.23,0"
"417,94.64,124.62,1.18,1407.58,226.55,1"
"418,94.41,128.24,0.32,1109.26,227.08,1"
"419,110.82,125.72,0.17,1883.46,218.97,1"
"420,97.6,127.06,0.12,1476.84,223.75,1"
"421,101.55,95.38,0.43,1358.72,226.09,1"
"422,72.64,128.3,0.11,1997.82,223.54,1"
"423,77.68,90.57,0.91,1834.14,224.81,0"
"424,105.21,120.76,0.82,1766.12,226.92,1"
"425,65.32,109.51,0.19,1407.54,218.14,1"
"426,80.93,94.44,0.99,1947.69,211.45,1"
"427,91.35,101.98,0.18,1500.62,225.89,1"
"428,63.01,92.92,0.54,1295.29,214.65,0"
"429,108.21,127.17,0.55,1906.11,216.43,1"
"430,73.56,115.62,1.18,1603.49,217.16,1"
"431,67.38,125.55,0.65,1449.35,221.72,1"
"432,64.31,117.3,0.37,1713.95,226.45,1"
"433,93.15,110.81,0.26,1775.35,215.43,1"
"434,77.06,95.35,0.79,1054.33,224.97,1"
"435,60.01,110.45,0.15,1276.17,224.14,0"
"436,110.36,90.15,0.37,1740.9,216.33,1"
"437,81.61,100.82,1.03,1313.35,225.78,1"
"438,86.03,126.4,0.52,1964.08,211.79,1"
"439,89.63,105.51,0.8,1703.86,210.09,1"
"440,102.78,116.66,1.16,1761.04,229.02,1"
"441,77.88,94.21,0.96,1644.15,210.96,0"
"442,117.41,110.02,0.58,1457.7,214.18,1"
"443,82.19,92.09,0.94,1416.5,226.44,1"
"444,72.72,116.29,0.62,1880.16,214.31,1"
"445,96.47,101.81,0.25,1651.64,224.77,1"
"446,98.69,105.81,0.88,1199.22,227.8,0"
"447,82.07,92.32,0.22,1515.86,215.35,1"
"448,60.88,105.16,0.47,1019.33,212.49,0"
"449,89.57,106.17,0.68,1595.13,210.2,1"
"450,117.81,110.76,0.85,1311.86,225.48,0"
"451,91.28,129.04,0.24,1016.95,225.4,1"
"452,67.21,100.62,0.12,1293.31,225.46,1"
"453,80.89,104.87,0.1,1299.8,222.93,1"
"454,110.82,90.94,1.09,1783.2,225.61,0"
"455,83.88,102.12,0.17,1228.24,214.93,1"
"456,104.85,108.95,0.16,1957.79,228.85,1"
"457,119.48,111.78,1.16,1075.61,217.31,0"
"458,71.75,95.63,0.78,1781.32,221.57,1"
"459,108.67,115.44,0.53,1674.13,215.2,1"
"460,115.05,101.62,0.62,1890.14,224.15,0"
"461,68.84,90.31,0.79,1447.67,212.69,1"
"462,91.78,99.68,0.65,1679.62,211.52,1"
"463,108.42,108.39,0.7,1432.82,210.88,1"
"464,86.73,98.37,0.15,1843.65,229.62,1"
"465,111.23,99.68,1.16,1196.93,229.03,1"
"466,102.7,129.25,0.73,1259.54,218.74,1"
"467,64.38,114.89,1.18,1190.11,225.85,0"
"468,116.62,128.41,0.67,1977.31,225.15,0"
"469,88.61,118.73,0.37,1640.62,223.33,1"
"470,93.91,120.87,0.65,1012.1,210.18,1"
"471,115.57,99.15,0.8,1222.08,216.43,1"
"472,103.73,93.82,0.57,1029.17,219.62,1"
"473,67.11,101.56,0.54,1919.53,229.87,1"
"474,105.66,104.87,0.53,1754.26,228.37,1"
"475,94.63,104.28,0.97,1251.0,221.28,0"
"476,99.4,99.62,0.31,1918.24,212.04,1"
"477,73.25,91.56,0.14,1175.22,227.34,1"
"478,117.03,113.26,0.58,1580.09,220.33,1"
"479,76.95,104.12,1.08,1946.46,227.85,0"
"480,106.82,109.05,0.65,1204.68,221.82,1"
"481,79.89,124.2,0.33,1071.16,211.38,1"
"482,90.42,106.38,0.99,1835.83,216.64,1"
"483,106.27,116.19,0.27,1875.88,220.78,1"
"484,85.51,91.5,0.24,1765.55,210.0,1"
"485,91.35,92.19,1.17,1226.13,216.08,0"
"486,73.82,90.06,0.9,1966.85,214.49,1"
"487,104.51,123.94,0.56,1302.93,216.51,1"
"488,109.01,97.26,0.51,1901.94,226.13,1"
"489,105.25,105.73,0.75,1661.01,211.57,1"
"490,102.56,96.69,0.96,1583.77,229.04,0"
"491,75.92,114.06,0.43,1714.42,225.18,1"
"492,90.83,110.36,0.51,1932.92,226.55,1"
"493,102.86,108.47,1.11,1694.6,224.58,1"
"494,76.44,122.28,0.31,1345.34,216.71,1"
"495,111.39,118.05,0.9,1562.07,228.94,0"
"496,82.83,96.52,0.96,1734.44,217.69,0"
"497,110.34,90.46,0.87,1970.26,218.75,0"
"498,102.29,122.69,0.7,1967.04,211.03,1"
"499,103.11,124.51,0.3,1800.0,221.05,1"
"500,67.9,124.61,0.27,1309.79,215.8,1"
"501,100.36,121.87,0.38,1624.87,221.43,1"
"502,114.37,90.49,0.84,1051.84,220.98,0"
"503,78.41,104.12,0.78,1334.05,224.65,1"
"504,64.1,121.35,0.41,1432.77,223.71,1"
"505,63.4,104.96,1.14,1641.73,223.43,0"
"506,71.94,106.73,0.93,1101.37,215.56,0"
"507,85.92,129.21,0.17,1518.7,213.59,1"
"508,66.8,106.14,0.91,1704.55,218.45,0"
"509,83.86,100.57,0.33,1483.04,215.37,1"
"510,99.41,128.74,0.76,1076.98,211.51,1"
"511,77.84,93.68,0.76,1623.65,222.97,1"
"512,60.91,128.6,0.38,1676.03,224.13,1"
"513,78.77,100.84,0.76,1866.1,228.93,1"
"514,69.29,127.79,0.91,1882.99,214.05,1"
"515,102.07,117.2,0.55,1015.39,221.66,1"
"516,87.02,128.3,0.54,1839.8,213.77,1"
"517,118.62,94.08,0.11,1433.58,211.85,1"
"518,114.87,107.36,0.38,1434.4,224.47,1"
"519,95.37,114.53,0.8,1242.02,224.28,1"
"520,71.96,125.1,0.91,1013.75,214.97,0"
"521,76.25,99.9,0.17,1458.94,224.65,1"
"522,100.37,93.25,1.15,1838.49,226.1,1"
"523,115.96,111.77,0.32,1616.78,224.86,1"
"524,91.29,92.74,0.51,1920.77,221.69,1"
"525,76.13,104.74,1.08,1666.46,225.75,0"
"526,97.81,99.94,0.88,1427.6,218.85,1"
"527,116.18,92.56,1.01,1292.38,218.88,0"
"528,78.06,110.11,0.16,1491.1,228.54,1"
"529,105.87,106.39,0.82,1260.24,213.19,0"
"530,64.23,97.43,0.83,1881.69,226.28,0"
"531,66.63,101.57,0.44,1249.96,220.3,1"
"532,81.41,104.15,1.01,1789.29,216.16,1"
"533,117.17,103.07,0.49,1505.63,228.82,1"
"534,66.15,105.71,0.71,1503.13,213.88,1"
"535,100.62,123.52,1.04,1748.36,218.78,1"
"536,69.62,116.95,0.3,1693.95,214.59,1"
"537,69.92,90.08,0.89,1732.4,220.3,0"
"538,65.01,90.77,0.28,1890.86,214.83,1"
"539,66.32,98.89,0.67,1607.75,214.91,1"
"540,83.46,99.37,0.34,1959.86,222.33,1"
"541,84.95,107.16,0.69,1696.43,224.04,1"
"542,90.01,106.48,1.06,1631.42,220.65,0"
"543,96.34,94.69,0.47,1142.84,223.84,1"
"544,83.51,125.83,0.32,1507.81,218.39,1"
"545,107.57,92.76,0.62,1560.68,222.57,1"
"546,75.2,90.4,0.9,1535.66,226.72,1"
"547,110.6,109.4,0.47,1791.56,219.03,1"
"548,111.3,125.3,0.61,1075.7,217.76,1"
"549,114.11,98.14,0.17,1877.35,217.79,1"
"550,118.08,92.66,0.81,1074.11,217.51,0"
"551,86.01,129.89,0.71,1321.16,214.4,1"
"552,82.35,92.75,0.51,1464.24,224.45,1"
"553,102.53,90.33,0.34,1661.68,219.68,1"
"554,108.27,120.91,0.7,1066.46,225.33,1"
"555,106.92,120.07,0.98,1518.01,212.81,1"
"556,97.23,119.69,0.29,1194.98,227.81,1"
"557,114.49,120.35,0.76,1654.13,227.78,1"
"558,97.94,96.26,0.62,1716.4,215.42,1"
"559,78.83,99.66,0.34,1424.85,228.16,1"
"560,71.28,93.08,0.87,1382.8,226.44,1"
"561,107.77,100.88,0.86,1264.06,228.78,1"
"562,79.47,100.78,0.31,1694.64,214.37,1"
"563,75.88,116.48,1.0,1778.03,225.22,0"
"564,65.3,117.96,0.51,1432.35,210.62,1"
"565,62.02,125.17,0.37,1557.34,210.78,1"
"566,79.38,125.92,1.08,1325.29,228.02,1"
"567,109.52,123.79,0.37,1576.7,211.35,1"
"568,119.93,103.07,0.92,1806.67,227.16,1"
"569,74.49,91.61,0.55,1130.08,210.45,1"
"570,107.02,112.65,0.44,1654.34,214.64,1"
"571,105.86,114.95,0.94,1038.94,226.74,0"
"572,93.8,114.98,1.05,1586.94,221.62,1"
"573,105.4,107.69,0.88,1389.23,214.58,1"
"574,115.69,127.17,0.48,1527.68,214.23,1"
"575,118.87,115.98,0.98,1715.1,221.86,0"
"576,87.29,116.99,0.85,1373.12,228.83,0"
"577,90.02,117.64,0.87,1648.64,215.51,0"
"578,98.16,113.97,0.3,1705.14,219.1,1"
"579,110.24,96.79,0.12,1779.1,222.19,1"
"580,110.29,122.11,1.16,1535.94,219.77,0"
"581,69.22,112.9,0.4,1921.31,221.66,1"
"582,81.3,92.08,0.13,1423.34,211.69,1"
"583,112.86,125.32,0.82,1211.23,227.26,1"
"584,71.8,119.5,0.42,1802.64,229.94,1"
"585,113.84,114.91,1.17,1465.01,226.95,0"
"586,80.12,92.68,1.17,1816.97,227.05,1"
"587,65.11,105.42,0.18,1210.79,214.59,1"
"588,76.11,94.04,0.28,1147.28,229.46,1"
"589,118.07,107.59,0.41,1798.29,216.53,0"
"590,73.95,95.19,0.38,1355.32,223.48,1"
"591,72.63,122.36,0.26,1342.65,227.29,1"
"592,64.96,109.38,0.43,1563.41,226.08,0"
"593,94.84,110.22,0.26,1624.0,215.47,1"
"594,64.94,108.38,0.44,1822.38,211.14,1"
"595,87.51,119.0,0.73,1667.21,225.54,1"
"596,78.83,111.52,1.02,1989.45,227.79,0"
"597,71.71,109.58,0.92,1492.57,219.66,1"
"598,81.68,124.39,0.55,1328.23,219.08,1"
"599,67.56,97.86,1.15,1175.49,221.35,0"
"600,89.38,115.79,0.35,1552.66,217.44,1"
"601,68.47,112.84,0.3,1278.64,214.37,1"
"602,109.54,101.43,1.12,1969.93,221.43,0"
"603,82.47,121.91,0.5,1087.02,221.14,1"
"604,107.76,97.0,0.84,1220.5,214.36,1"
"605,74.98,100.53,0.1,1870.67,225.85,1"
"606,105.02,96.08,0.6,1351.22,211.88,1"
"607,115.24,91.6,0.42,1207.54,214.76,1"
"608,88.08,108.65,0.94,1154.49,219.75,0"
"609,95.81,129.98,0.95,1397.87,226.55,0"
"610,61.83,98.18,0.47,1510.58,222.3,1"
"611,90.59,110.05,0.16,1034.91,221.02,1"
"612,110.35,96.43,0.13,1449.04,214.75,1"
"613,103.48,94.46,0.77,1281.05,213.47,1"
"614,108.09,105.68,0.93,1125.49,225.46,0"
"615,100.64,112.63,1.12,1387.32,211.32,0"
"616,109.61,110.99,0.95,1234.43,216.9,0"
"617,117.69,116.71,1.13,1265.5,222.23,0"
"618,79.05,123.92,1.14,1884.86,224.78,0"
"619,76.9,128.53,0.11,1716.05,224.12,1"
"620,119.41,102.48,0.47,1078.94,218.86,0"
"621,80.6,123.38,1.13,1185.73,217.45,1"
"622,63.71,93.69,0.28,1595.21,213.01,1"
"623,86.8,110.06,0.37,1470.96,223.24,1"
"624,105.23,113.12,1.09,1817.41,225.14,0"
"625,60.41,98.5,0.83,1411.2,218.05,1"
"626,113.73,126.37,0.45,1691.06,215.43,1"
"627,71.08,103.68,0.57,1830.95,212.4,1"
"628,91.89,101.52,0.64,1299.94,221.92,1"
"629,69.86,94.66,0.7,1902.41,216.88,1"
"630,99.52,127.26,1.0,1566.61,223.14,1"
"631,83.97,103.07,0.11,1826.55,226.02,1"
"632,94.61,108.56,0.23,1980.57,214.29,1"
"633,95.69,119.55,0.14,1658.72,220.65,1"
"634,70.35,112.72,0.43,1938.32,226.37,1"
"635,75.58,128.79,0.57,1347.52,211.01,1"
"636,101.52,108.32,0.35,1613.97,215.06,1"
"637,81.55,122.94,1.0,1477.35,217.02,0"
"638,108.34,103.13,0.33,1084.69,219.33,1"
"639,110.45,98.85,0.52,1808.41,226.47,1"
"640,87.55,102.13,1.13,1118.64,228.67,0"
"641,91.89,91.31,0.62,1407.75,213.22,1"
"642,118.27,112.49,0.89,1068.45,218.35,0"
"643,96.77,127.54,0.83,1076.8,217.09,0"
"644,84.19,123.35,1.0,1611.83,217.47,0"
"645,66.35,104.2,0.55,1675.82,223.16,1"
"646,83.72,97.27,0.27,1827.3,210.84,1"
"647,70.09,125.17,0.71,1231.38,220.05,1"
"648,117.49,98.82,1.07,1934.3,228.33,0"
"649,97.79,106.13,0.93,1531.29,223.55,0"
"650,103.89,122.98,0.26,1832.93,220.81,1"
"651,85.88,105.16,1.11,1251.17,226.88,0"
"652,90.85,102.34,0.73,1325.21,210.79,1"
"653,60.38,129.13,1.16,1395.16,224.57,0"
"654,100.27,122.22,1.14,1400.21,225.67,0"
"655,119.42,91.03,0.76,1659.51,223.76,0"
"656,116.31,97.25,0.79,1222.68,216.14,1"
"657,85.03,96.41,0.29,1418.14,225.15,1"
"658,65.05,105.72,0.21,1016.59,223.23,1"
"659,69.78,99.35,0.13,1834.95,229.49,1"
"660,73.89,124.74,1.12,1419.63,211.01,0"
"661,94.44,105.72,0.13,1583.25,210.23,1"
"662,78.39,91.61,0.75,1397.68,229.48,1"
"663,76.51,118.38,0.4,1904.24,217.49,1"
"664,63.03,107.04,1.02,1805.65,214.49,0"
"665,109.04,127.22,0.2,1450.06,216.75,1"
"666,65.01,98.45,0.93,1051.29,219.85,0"
"667,80.06,105.78,0.68,1161.37,221.44,1"
"668,105.61,96.16,0.26,1268.17,217.22,1"
"669,100.78,92.27,0.14,1391.91,223.94,1"
"670,98.49,100.39,1.07,1895.69,215.95,0"
"671,84.68,99.62,0.84,1826.06,223.46,1"
"672,83.82,96.25,0.91,1360.47,223.43,0"
"673,64.87,129.7,0.27,1988.42,229.55,1"
"674,99.57,113.11,1.05,1289.44,219.35,1"
"675,84.67,107.1,0.46,1564.23,227.01,1"
"676,116.07,117.56,1.01,1556.19,225.59,0"
"677,109.1,91.61,1.08,1991.96,215.88,0"
"678,105.92,100.12,1.05,1102.84,212.52,1"
"679,100.43,123.88,0.46,1676.48,221.88,1"
"680,100.95,113.01,0.57,1275.92,225.37,1"
"681,101.54,99.33,0.79,1747.08,214.37,1"
"682,67.86,114.24,1.03,1045.0,224.68,0"
"683,88.71,127.15,0.47,1465.34,210.27,1"
"684,75.52,91.11,0.79,1426.4,220.96,1"
"685,77.76,116.55,1.16,1050.42,227.81,0"
"686,93.84,110.01,0.18,1089.88,222.02,1"
"687,115.04,106.26,0.26,1714.72,215.87,1"
"688,101.87,126.01,0.97,1676.36,223.59,1"
"689,77.75,90.04,0.4,1217.89,223.24,1"
"690,95.61,90.65,0.9,1323.53,223.3,1"
"691,80.56,95.38,0.2,1831.52,228.37,1"
"692,66.21,106.08,0.9,1779.82,212.36,0"
"693,102.73,104.26,0.38,1012.9,220.81,1"
"694,117.46,112.63,0.67,1085.06,220.98,0"
"695,96.43,105.55,0.36,1094.97,216.3,0"
"696,70.61,129.49,0.59,1531.87,227.47,1"
"697,94.96,122.5,0.46,1305.74,218.05,1"
"698,100.93,102.61,0.25,1632.4,212.57,1"
"699,101.61,118.02,0.93,1872.86,220.0,1"
"700,97.15,97.47,0.13,1284.54,218.86,1"
"701,111.0,97.85,0.24,1963.48,212.16,1"
"702,95.13,111.65,0.19,1057.03,212.11,1"
"703,92.66,99.35,0.8,1820.07,210.83,1"
"704,101.36,100.09,0.44,1613.64,227.96,1"
"705,94.99,119.21,0.5,1640.97,219.32,1"
"706,102.1,112.26,0.49,1911.34,210.42,1"
"707,63.41,120.66,0.87,1331.35,223.51,0"
"708,105.38,108.17,0.55,1934.73,215.02,1"
"709,95.07,128.77,0.52,1062.04,216.79,1"
"710,69.72,116.32,1.2,1451.74,217.09,0"
"711,66.91,125.33,0.56,1387.27,223.19,1"
"712,98.89,92.46,1.0,1940.5,222.98,1"
"713,69.09,109.1,0.76,1581.74,218.03,1"
"714,67.61,105.67,0.28,1734.37,214.18,1"
"715,93.14,113.81,1.06,1576.98,216.91,1"
"716,92.42,93.17,0.72,1908.02,217.93,1"
"717,68.61,96.06,0.58,1595.68,211.61,1"
"718,105.31,113.46,1.01,1080.19,219.54,0"
"719,109.72,121.34,0.4,1940.88,212.49,1"
"720,118.26,97.09,0.89,1040.29,218.11,0"
"721,94.84,127.44,0.84,1481.28,226.19,1"
"722,61.32,129.3,0.19,1814.39,215.61,0"
"723,86.39,115.76,0.52,1054.57,221.99,1"
"724,82.99,98.65,0.59,1048.36,226.41,1"
"725,95.28,104.12,0.98,1554.69,226.52,1"
"726,107.06,113.94,0.56,1957.95,220.82,1"
"727,73.23,115.03,0.73,1184.84,211.19,1"
"728,105.82,110.94,0.35,1666.52,211.6,1"
"729,69.8,97.38,0.32,1386.71,211.02,1"
"730,90.7,109.33,0.52,1839.15,212.91,1"
"731,63.72,92.85,0.73,1566.02,227.56,1"
"732,117.59,91.95,0.21,1044.07,213.71,1"
"733,98.73,91.82,1.14,1842.17,215.93,0"
"734,70.19,95.08,0.24,1518.56,214.92,1"
"735,119.37,117.37,1.14,1142.56,217.64,0"
"736,64.61,90.17,0.84,1641.82,218.22,0"
"737,84.93,90.96,0.47,1177.08,211.97,1"
"738,95.96,119.15,0.45,1393.15,214.74,1"
"739,70.74,121.9,0.85,1546.93,219.5,1"
"740,64.36,101.22,0.48,1782.43,229.85,0"
"741,112.46,123.22,0.35,1399.33,218.19,1"
"742,70.85,121.97,0.47,1730.87,218.4,1"
"743,109.96,122.17,1.05,1059.62,223.84,0"
"744,84.95,111.94,0.54,1519.61,229.93,1"
"745,100.53,105.84,0.25,1158.74,228.99,1"
"746,114.42,129.66,0.33,1355.44,223.38,1"
"747,85.1,104.31,0.75,1575.59,213.23,1"
"748,93.21,112.81,0.33,1742.27,210.5,1"
"749,106.81,112.56,0.39,1694.95,221.35,1"
"750,104.1,114.4,0.64,1133.18,215.23,1"
"751,95.96,110.55,0.42,1006.46,219.92,1"
"752,104.08,90.96,0.74,1941.47,213.49,1"
"753,65.49,115.03,0.71,1407.37,220.43,1"
"754,71.78,90.9,1.05,1577.12,227.81,1"
"755,108.61,107.19,0.92,1913.04,221.44,0"
"756,76.13,97.95,0.37,1306.42,221.1,1"
"757,85.59,114.62,0.19,1087.79,213.44,1"
"758,72.84,101.33,0.54,1811.87,210.28,1"
"759,100.13,121.95,1.13,1020.14,213.08,1"
"760,87.51,112.58,0.83,1679.07,228.63,1"
"761,103.21,101.49,1.07,1049.22,214.62,1"
"762,75.37,98.83,0.25,1859.11,220.0,1"
"763,74.34,120.32,0.94,1312.6,218.21,0"
"764,118.59,115.82,1.13,1303.39,225.64,0"
"765,101.5,128.63,0.53,1130.72,223.43,1"
"766,94.5,98.27,0.65,1312.19,218.55,1"
"767,104.71,99.29,0.55,1269.16,213.97,1"
"768,114.56,104.81,0.93,1897.0,226.92,0"
"769,117.38,105.07,0.47,1062.43,219.72,0"
"770,74.91,102.68,0.99,1875.49,216.05,1"
"771,111.43,120.59,0.26,1690.32,228.9,1"
"772,79.9,110.02,0.81,1510.57,212.4,0"
"773,108.14,124.46,0.25,1952.39,216.58,1"
"774,105.11,122.48,1.14,1312.92,227.17,0"
"775,102.3,119.68,0.85,1252.31,227.46,0"
"776,63.22,118.7,0.62,1849.1,217.67,0"
"777,110.19,111.96,0.31,1720.38,220.22,1"
"778,87.65,123.15,1.01,1709.39,212.11,1"
"779,100.26,117.88,0.5,1879.28,224.51,1"
"780,84.47,125.46,0.15,1961.42,223.58,1"
"781,76.23,99.95,1.14,1298.27,225.51,0"
"782,68.36,90.43,0.7,1975.78,217.38,1"
"783,80.65,110.82,0.58,1879.91,220.11,1"
"784,68.3,129.31,0.37,1073.36,223.26,1"
"785,84.91,106.89,0.96,1195.71,226.41,0"
"786,85.14,108.32,0.38,1752.11,220.26,1"
"787,95.76,129.83,0.58,1920.69,216.9,1"
"788,72.25,106.75,0.34,1000.23,228.3,1"
"789,104.54,96.71,0.23,1067.6,224.48,1"
"790,85.83,94.77,0.66,1348.83,217.5,1"
"791,103.12,94.42,0.14,1994.33,214.65,1"
"792,71.39,91.56,0.53,1802.4,216.82,1"
"793,100.54,110.36,1.05,1866.04,210.2,1"
"794,87.64,129.55,0.63,1986.9,225.09,1"
"795,92.3,129.69,1.04,1097.37,224.13,0"
"796,60.42,106.14,0.36,1818.87,216.75,1"
"797,60.04,102.31,0.37,1233.57,211.36,0"
"798,93.33,101.65,0.56,1376.87,227.52,1"
"799,89.58,103.21,0.22,1953.4,211.2,1"
"800,77.88,102.82,0.28,1783.16,212.45,1"
"801,67.43,92.82,1.1,1190.13,226.43,0"
"802,64.67,128.22,0.37,1859.65,213.38,1"
"803,60.79,110.47,0.95,1934.8,228.18,1"
"804,113.29,97.97,0.41,1288.97,217.54,1"
"805,92.67,96.4,0.86,1167.57,216.21,0"
"806,107.79,119.58,0.81,1155.77,220.94,0"
"807,82.64,106.54,0.14,1273.99,229.11,1"
"808,81.14,91.72,0.3,1392.22,228.96,1"
"809,105.81,94.35,1.18,1381.62,225.5,0"
"810,97.66,97.68,0.26,1938.06,228.35,1"
"811,97.53,122.33,0.18,1334.79,216.27,1"
"812,81.36,95.94,0.76,1814.38,217.64,1"
"813,71.8,99.5,0.43,1642.8,222.02,1"
"814,81.75,122.96,0.32,1469.04,226.02,1"
"815,66.59,125.35,0.48,1683.87,210.51,1"
"816,78.97,92.23,0.77,1240.8,217.74,1"
"817,68.83,101.92,0.2,1910.83,210.12,1"
"818,67.39,102.31,1.12,1161.69,229.32,0"
"819,104.49,111.87,1.07,1553.99,220.69,0"
"820,69.97,126.66,0.46,1372.08,225.2,1"
"821,117.12,119.52,0.76,1880.9,210.99,0"
"822,87.9,99.08,0.92,1919.21,218.48,0"
"823,117.69,107.79,0.64,1351.65,228.19,1"
"824,105.73,122.47,0.48,1433.69,226.97,1"
"825,107.64,127.64,0.79,1741.63,226.1,1"
"826,83.7,92.05,0.54,1673.76,219.01,1"
"827,81.42,115.39,0.31,1749.37,220.91,1"
"828,77.51,119.94,0.63,1216.03,229.35,1"
"829,117.43,107.08,0.62,1897.96,220.5,1"
"830,75.13,107.87,0.24,1205.98,210.02,1"
"831,118.64,99.69,0.83,1839.1,221.01,0"
"832,103.69,114.01,0.9,1769.75,229.51,1"
"833,80.5,115.94,0.18,1897.4,212.39,1"
"834,108.94,113.89,0.53,1473.44,227.09,1"
"835,112.18,93.53,0.95,1847.55,213.64,0"
"836,69.93,118.26,0.69,1635.32,213.93,1"
"837,62.49,102.88,0.72,1857.93,223.34,1"
"838,117.19,118.77,1.12,1527.59,215.18,0"
"839,103.57,94.85,0.43,1532.47,221.29,1"
"840,69.98,105.19,0.78,1969.82,224.55,1"
"841,105.73,113.67,0.31,1666.69,222.47,1"
"842,89.39,111.15,0.47,1519.31,213.95,1"
"843,71.15,93.4,0.58,1658.31,218.75,1"
"844,93.49,103.88,1.13,1922.65,220.05,0"
"845,104.23,91.47,0.62,1336.32,228.41,1"
"846,93.17,119.63,0.63,1085.4,229.45,1"
"847,96.85,99.46,0.63,1429.15,211.5,1"
"848,110.25,99.59,0.31,1504.91,225.37,1"
"849,94.61,94.77,0.14,1052.74,226.68,0"
"850,62.71,107.52,1.03,1262.41,218.43,0"
"851,86.94,113.1,0.73,1332.43,216.31,1"
"852,82.01,93.98,0.94,1966.27,229.4,1"
"853,96.05,118.03,0.41,1630.77,219.11,1"
"854,105.47,101.28,0.45,1924.64,211.12,1"
"855,114.77,114.41,0.7,1249.74,216.87,1"
"856,93.55,110.59,0.21,1016.03,229.27,1"
"857,96.19,93.19,0.85,1932.57,221.51,0"
"858,94.9,120.65,0.55,1879.84,222.97,1"
"859,97.41,95.25,0.44,1201.79,228.18,1"
"860,100.58,102.04,0.3,1756.45,219.48,1"
"861,97.0,91.61,0.46,1468.56,212.96,1"
"862,72.55,95.21,0.32,1769.06,218.51,1"
"863,61.26,91.38,0.59,1816.66,227.7,0"
"864,92.3,126.53,0.53,1829.57,212.67,1"
"865,105.09,127.65,0.84,1363.4,228.76,0"
"866,79.93,118.03,0.94,1929.4,214.1,1"
"867,104.31,92.55,0.53,1282.77,216.09,1"
"868,98.57,118.71,1.17,1377.2,226.04,0"
"869,112.17,97.23,1.14,1218.77,216.52,1"
"870,83.63,114.33,0.59,1742.37,214.57,1"
"871,78.0,108.97,0.28,1354.8,218.0,1"
"872,95.0,125.37,0.27,1597.81,223.29,1"
"873,102.07,106.43,0.66,1007.35,223.83,1"
"874,62.3,104.73,1.18,1420.74,220.04,1"
"875,103.04,113.28,0.98,1864.37,219.14,0"
"876,83.16,128.67,0.87,1083.22,227.26,0"
"877,64.13,111.99,0.56,1877.75,214.08,1"
"878,93.46,92.18,1.17,1512.62,215.82,0"
"879,111.47,102.2,0.31,1129.07,215.96,1"
"880,88.3,99.1,0.28,1332.73,228.8,1"
"881,119.29,109.41,0.3,1891.14,219.21,1"
"882,119.02,92.01,0.21,1720.46,215.64,0"
"883,62.36,90.87,0.95,1134.43,219.35,0"
"884,85.7,91.08,0.96,1010.51,225.24,1"
"885,85.97,111.42,0.62,1389.21,227.75,1"
"886,80.15,114.6,1.12,1962.06,220.18,0"
"887,76.72,128.35,0.26,1579.83,215.65,1"
"888,84.3,129.95,0.16,1578.54,211.65,1"
"889,86.37,110.42,0.38,1316.46,211.74,1"
"890,117.99,127.79,0.47,1570.85,228.19,0"
"891,108.64,127.93,0.2,1161.45,229.21,1"
"892,60.85,100.31,0.59,1692.91,224.66,1"
"893,77.25,111.53,0.69,1405.65,213.38,1"
"894,111.2,109.93,0.76,1227.26,220.88,1"
"895,90.91,129.61,0.77,1370.97,225.44,1"
"896,83.07,103.88,0.57,1781.78,219.68,1"
"897,94.59,103.68,0.99,1238.29,214.49,1"
"898,75.65,90.36,0.81,1511.09,218.91,1"
"899,94.27,124.54,0.25,1569.21,227.36,1"
"900,103.08,104.88,0.2,1457.9,217.89,1"
"901,74.64,128.67,1.15,1247.63,216.96,1"
"902,118.0,107.74,0.45,1526.09,223.76,0"
"903,104.19,92.07,0.15,1386.29,217.07,1"
"904,89.46,102.83,0.31,1309.47,229.5,1"
"905,86.68,113.06,1.18,1241.6,223.63,1"
"906,96.44,93.54,0.84,1064.09,221.92,1"
"907,72.66,123.66,0.13,1843.81,219.21,1"
"908,68.03,128.13,0.18,1199.09,216.96,1"
"909,92.69,95.03,0.42,1238.75,214.27,1"
"910,102.24,98.7,0.5,1390.92,229.53,1"
"911,108.01,99.67,0.17,1316.9,215.34,1"
"912,106.66,124.33,1.03,1359.68,223.74,0"
"913,63.65,118.06,0.11,1409.18,216.59,1"
"914,105.97,102.16,0.99,1293.92,218.93,1"
"915,101.58,129.49,0.35,1662.32,222.19,1"
"916,69.38,120.07,0.73,1274.67,219.49,1"
"917,94.76,125.56,0.73,1631.72,220.37,1"
"918,73.97,109.68,0.44,1181.76,220.08,1"
"919,75.49,108.56,0.25,1927.75,227.35,1"
"920,66.37,121.04,0.99,1767.76,212.28,1"
"921,110.06,113.09,0.81,1458.36,220.57,0"
"922,98.34,93.26,0.58,1292.66,220.91,1"
"923,101.5,121.8,0.28,1104.31,212.91,1"
"924,91.69,108.69,0.22,1649.56,227.36,1"
"925,97.56,93.01,0.22,1049.31,215.15,0"
"926,75.6,105.4,1.14,1610.38,226.7,1"
"927,66.75,119.44,0.4,1639.11,216.82,1"
"928,75.81,101.17,1.12,1024.64,223.93,1"
"929,110.18,128.98,1.17,1065.28,226.44,0"
"930,98.84,95.13,0.82,1982.48,228.24,0"
"931,62.4,104.49,1.01,1701.5,219.19,0"
"932,85.61,108.76,1.12,1641.09,216.23,1"
"933,63.96,128.9,0.5,1477.87,217.11,1"
"934,99.73,118.61,0.39,1315.67,212.51,1"
"935,62.39,113.91,1.06,1890.83,218.98,0"
"936,64.62,116.83,1.0,1244.66,218.43,1"
"937,112.63,99.73,0.71,1192.49,212.04,1"
"938,109.23,120.4,0.15,1843.73,218.76,1"
"939,92.79,93.65,0.93,1582.44,213.73,0"
"940,71.05,92.28,0.75,1840.35,210.35,1"
"941,94.37,122.78,0.46,1349.61,221.93,1"
"942,61.6,119.41,0.79,1580.76,224.83,1"
"943,72.35,104.1,0.24,1129.86,223.52,1"
"944,117.76,115.13,0.3,1105.65,226.26,1"
"945,97.1,121.26,0.87,1834.46,211.12,1"
"946,111.05,101.45,0.8,1314.16,229.16,1"
"947,94.79,96.66,0.88,1175.89,214.71,0"
"948,114.89,98.47,0.26,1758.98,220.01,1"
"949,68.8,115.84,0.36,1156.76,223.67,1"
"950,105.29,102.38,0.59,1405.47,229.68,1"
"951,77.69,104.18,0.72,1252.32,228.31,1"
"952,113.75,94.14,0.82,1906.99,213.37,1"
"953,87.17,127.83,0.84,1301.59,213.77,0"
"954,65.58,95.75,0.22,1422.94,225.91,1"
"955,67.82,115.74,0.32,1097.61,213.34,1"
"956,109.29,104.16,0.82,1537.28,223.54,1"
"957,97.72,100.64,0.14,1455.57,227.82,1"
"958,109.94,129.66,0.28,1691.78,223.49,1"
"959,119.14,117.47,0.37,1798.56,212.14,1"
"960,114.61,105.31,0.79,1430.14,218.76,1"
"961,105.73,127.45,1.13,1174.78,227.49,1"
"962,75.17,92.69,0.39,1912.21,222.66,1"
"963,75.43,118.78,0.13,1375.32,222.54,1"
"964,109.38,99.4,0.82,1405.2,221.92,0"
"965,61.01,126.38,0.4,1819.68,229.99,0"
"966,75.91,116.51,1.16,1915.81,220.06,1"
"967,68.14,129.1,1.16,1163.73,215.99,0"
"968,76.3,122.64,0.52,1088.4,216.84,1"
"969,97.78,106.65,0.28,1986.18,226.42,1"
"970,64.2,92.27,0.23,1580.77,228.58,1"
"971,110.58,107.84,0.88,1731.87,213.48,0"
"972,98.24,92.83,0.5,1534.8,229.92,1"
"973,108.96,107.28,0.98,1595.41,227.73,0"
"974,96.26,115.2,0.56,1144.31,211.87,0"
"975,112.41,99.46,0.33,1736.04,216.4,1"
"976,69.75,128.39,1.04,1863.79,218.14,1"
"977,68.63,90.34,0.12,1586.6,219.11,1"
"978,60.45,106.91,0.89,1442.69,224.64,0"
"979,108.79,113.54,0.33,1236.72,222.56,1"
"980,84.94,100.33,1.05,1669.27,218.96,0"
"981,72.26,115.07,0.49,1995.65,219.6,1"
"982,93.95,126.67,0.98,1451.13,224.37,1"
"983,89.54,97.69,0.61,1245.82,228.3,1"
"984,117.14,111.32,0.79,1542.94,212.59,1"
"985,65.95,114.92,0.59,1777.98,214.41,1"
"986,84.38,127.06,0.88,1418.92,220.35,0"
"987,119.07,116.66,0.41,1585.81,212.19,1"
"988,70.49,115.92,0.37,1717.56,225.54,1"
"989,96.87,125.7,0.19,1330.91,214.97,1"
"990,83.36,119.3,0.85,1212.08,214.78,0"
"991,84.67,99.37,0.12,1879.39,229.31,1"
"992,80.31,90.28,0.85,1825.44,212.93,0"
"993,107.4,114.65,0.15,1622.55,216.18,1"
"994,106.18,122.44,0.54,1947.15,218.13,1"
"995,89.03,125.9,1.1,1087.42,228.73,1"
"996,107.48,98.04,0.99,1850.13,215.78,1"
"997,62.99,96.0,0.69,1575.79,222.9,0"
"998,117.62,91.78,0.26,1014.01,221.34,1"
"999,99.96,122.91,0.11,1542.02,219.19,1"
"1000,64.33,117.38,0.65,1765.15,219.71,0"
